{"iter": 50, "train/loss": 0.7602701783180237, "val/loss": 0.7641396522521973, "lr": 0.0025, "mfu": 0.32803738448543873, "_timestamp": 1707283169.9279537, "_runtime": 161.11819767951965, "_step": 1}