{"iter": 50, "train/loss": 0.2066807895898819, "val/loss": 0.20701339840888977, "lr": 0.0005, "mfu": 0.7008083181087479, "_timestamp": 1706664487.3678198, "_runtime": 89.88757181167603, "_step": 1, "_wandb": {"runtime": 127}}