{"iter": 0, "train/loss": 4.288166522979736, "val/loss": 4.282184600830078, "lr": 0.0, "mfu": -100.0, "_timestamp": 1706571701.5233748, "_runtime": 49.55306673049927, "_step": 0, "_wandb": {"runtime": 66}}