{"iter": 5000, "train/loss": 0.09371651709079742, "val/loss": 0.13282962143421173, "lr": 0.0001, "mfu": 0.6126077182289021, "_timestamp": 1706576047.1034229, "_runtime": 4301.818865776062, "_step": 100, "_wandb": {"runtime": 4301}}