{"iter": 33650, "train/loss": 0.6882500648498535, "val/loss": 0.6909043192863464, "lr": 0.0015904223938068567, "mfu": 4.033333328025771, "_timestamp": 1707329688.8400538, "_runtime": 4334.938191890717, "_step": 673}