{"iter": 5000, "train/loss": 0.7053222060203552, "val/loss": 0.7083840370178223, "lr": 0.0001, "mfu": 0.6023352109713263, "_timestamp": 1707287555.367497, "_runtime": 4355.004396915436, "_step": 100, "_wandb": {"runtime": 4350}}