{"iter": 0, "train/loss": 0.9703755378723145, "val/loss": 0.9700782299041748, "lr": 0.0, "mfu": -100.0, "_timestamp": 1707282542.896569, "_runtime": 47.867778062820435, "_step": 0}