{"iter": 5000, "train/loss": 0.08046644926071167, "val/loss": 0.11063031107187271, "lr": 0.0001, "mfu": 0.5956100288843692, "_timestamp": 1706668993.3278658, "_runtime": 4413.970243930817, "_step": 100, "_wandb": {"runtime": 4413}}