{"iter": 500, "train/loss": 0.72541344165802, "val/loss": 0.7264799475669861, "lr": 0.004919872414445622, "mfu": 0.4690897695050494, "_timestamp": 1707283155.9585414, "_runtime": 548.5387103557587, "_step": 10}