{"iter": 950, "train/loss": 0.11579810827970505, "val/loss": 0.1310131847858429, "lr": 0.0009348142433524059, "mfu": 0.5902814483198892, "_timestamp": 1706675809.65076, "_runtime": 6344.877423048019, "_step": 19}